Workbook

Sheet Read me
A1: PDF Comparison Engine - QA Test Cases
A3: Scope | B3: Every comparison rule added or changed in the 2026-09-20/21 working session: image highlighting, five classes of false content difference, highlight placement, severity handling, text-encoding findings, broken icons, scroll mirroring, the Ollama AI review, and the rebuilt TOC structure comparison.
A4: Cases | B4: 49 cases on the 'Test cases' tab.
A5: How to run a comparison | B5: python3 -m pdfval.cli <production.pdf> <staging.pdf> -o <out_dir> Then open <out_dir>/pdf.html (findings), <out_dir>/toc.html (structure).
A6: How to run the automated tests | B6: python3 -m pytest tests -q (expected: 101 passed)
A7: Reference pair A | B7: Production: XQ2566X-en.pdf (59 pages) / Staging: Monitor XQ2566X user manual (10).pdf (52 pages). Saved in the repo at runs/ce5655a6b44f43889bc78dc3bbf7669f/uploads/expected.pdf and actual.pdf. Baseline at the time of writing: 46 findings total (content 18, images 11, links 11, lists 2, bold 2, formatting 2); TOC 47 matching / 34 not matching.
A8: Fixture pairs | B8: tests/fixtures/*.pdf - small purpose-built pairs used by the automated tests.
A10: Legend
A11: Yellow cells | B11: Fill these in: Result, Tested by, Date, Actual / notes.
A12: Green 'Automated coverage' | B12: An automated test already proves this rule - run it, do not re-test by hand.
A13: Orange 'Automated coverage' | B13: Manual only today. A 'regression candidate' note means it is cheap to automate next.
A14: 'Must NOT happen' column | B14: Most of these rules exist to REMOVE false reports. The negative check is the real test: a case passes only when the wrong finding is absent AND the right one is still present.
A16: Result values | B16: Pass / Fail / Blocked / Not run
A17: Known defect | B17: Two runs of the same pair have produced different issue counts (58 vs 46), differing only in 'List marker missing in Staging' findings. See QA-049. Until fixed, re-run before raising a count mismatch as a new bug.

Sheet Test cases
A1: Test ID | B1: Area | C1: Rule under test | D1: Priority | E1: Preconditions / test data | F1: Steps | G1: Expected result | H1: Must NOT happen | I1: Automated coverage | J1: Code reference | K1: Result | L1: Tested by | M1: Date | N1: Actual / notes
A2: QA-001 | B2: Image highlighting | C2: A figure difference is outlined in red, never filled with a red tint | D2: High | E2: Reference pair A: Production XQ2566X-en.pdf (59 pp) vs Staging Monitor XQ2566X user manual (10).pdf (52 pp), saved at runs/ce5655a6b44f43889bc78dc3bbf7669f/uploads/expected.pdf and actual.pdf. Run: python3 -m pdfval.cli <production.pdf> <staging.pdf> -o <out_dir>, then open <out_dir>/pdf.html | F2: 1. Open pdf.html. 2. Filter the issue list to the Images category. 3. Select any figure finding (e.g. 'Figure oversized in Staging'). 4. Inspect the box drawn on the figure in both panes. | G2: The figure is surrounded by a red outline (2px, colour #c0392b) with a fully transparent interior. The artwork stays completely visible through the box. | H2: No pink/red wash over the artwork; the box is not blue. | I2: Manual only | J2: pdfval/report/screenshots.py KIND_IMAGE; pdfval/report/templates/pdf_template.html .box.imgbox
A3: QA-002 | B3: Image highlighting | C3: Figure close-up crops use the outline style, not the fill style | D3: Medium | E3: Reference pair A: Production XQ2566X-en.pdf (59 pp) vs Staging Monitor XQ2566X user manual (10).pdf (52 pp), saved at runs/ce5655a6b44f43889bc78dc3bbf7669f/uploads/expected.pdf and actual.pdf. Run: python3 -m pdfval.cli <production.pdf> <staging.pdf> -o <out_dir>, then open <out_dir>/pdf.html | F3: 1. Open the issues report / chapter report close-up crops for an image finding. 2. Compare the Production and Staging crops. | G3: Both crops show a red rectangle around the figure with no fill, and the same number badge on each side. | H3: The crop must not be tinted red over the picture. | I3: Manual only | J3: pdfval/validators/image.py:1586 screenshots.KIND_IMAGE
A4: QA-003 | B4: Image highlighting | C4: A chapter difference in the image category is boxed, not tinted | D4: Medium | E4: Reference pair A: Production XQ2566X-en.pdf (59 pp) vs Staging Monitor XQ2566X user manual (10).pdf (52 pp), saved at runs/ce5655a6b44f43889bc78dc3bbf7669f/uploads/expected.pdf and actual.pdf. Run: python3 -m pdfval.cli <production.pdf> <staging.pdf> -o <out_dir>, then open <out_dir>/pdf.html | F4: 1. Open the chapter report. 2. Find a difference of type figure-missing / figure-size / figure-content. 3. Inspect the page render and the per-issue crop. | G4: Both the full-page render and the crop draw the figure with a red outline only. | H4: No fill over any figure. | I4: Manual only | J4: pdfval/report/chapters.py:308 and :455
A5: QA-004 | B5: False positives - bullets | C5: A change that is only the bullet glyph is not a content difference | D5: High | E5: A pair where Production marks list items with U+2022 and Staging with U+25CF, same wording. Reference: Pair A, Receiver Firmware Upgrade section. | F5: 1. Run the comparison. 2. Search the issue list for 'Symbol changed' and for content findings on the bulleted note. 3. Confirm the bullet-style finding is present. | G5: Exactly one finding: 'Bullet style changed in Staging - Production marks list items with the one glyph, Staging with the other'. No content/symbol finding for the same bullets. | H5: No 'Symbol changed' or 'Punctuation changed' finding whose only differing characters are bullet glyphs. | I5: Manual only | J5: pdfval/validators/chapter.py _only_bullet_glyphs
A6: QA-005 | B6: False positives - list markers | C6: A list number set tight against its text is not a wording change | D6: High | E6: Production prints '2.Remove the monitor stand.' and Staging '2. Remove the monitor stand.' (Pair A, Production p.20 vs Staging p.20). | F6: 1. Run the comparison. 2. Search the issue list for 'Remove the monitor stand'. | G6: No finding at all for this heading. | H6: No 'Heading content changed' finding, and no 'Between “2” and “Remove”: extra space in Staging' spacing finding. | I6: Manual only | J6: pdfval/validators/chapter.py _LIST_MARKER_TOKEN_RE; mark_changes parts()
A7: QA-006 | B7: False positives - list markers | C7: Normalisation does not swallow non-marker text | D7: High | E7: Text samples: 'e.g. Something', '3.5 mm jack', 'Version 2.0 released', 'No.5 setting', 'HEVC(H26 5)'. | F7: 1. In a Python shell: from pdfval.validators.chapter import _normalise 2. Normalise each sample. | G7: Every sample keeps its wording: '3.5 mm jack', 'version 2.0 released', 'no.5 setting', 'hevc(h26 5)', 'e.g. something'. | H7: No digits or words are removed from any of these. | I7: Manual only (regression candidate) | J7: pdfval/validators/chapter.py:271
A8: QA-007 | B8: False positives - callouts | C8: Parenthesised callout numbers drawn as glyphs on one side are ignored | D8: High | E8: Production prints 'release button ( ), detach the stand from the monitor ( and ).' (glyphs not extractable); Staging prints 'release button ( 1 ), detach the stand from the monitor ( 2 and 3 ).' Pair A, p.20. | F8: 1. Run the comparison. 2. Search for findings on the VESA release-button sentence. | G8: No content, symbol or punctuation finding for this sentence. | H8: No 'missing text', 'extra space' or 'symbol changed' finding caused by the callout digits. | I8: Manual only | J8: pdfval/validators/chapter.py _INLINE_CALLOUT_RE
A9: QA-008 | B9: False positives - callouts | C9: Parentheses holding real content are still compared | D9: High | E9: Text samples: '(2 channels)', 'supports (1080p)', 'HEVC(H26 5)'. | F9: 1. Normalise each sample with _normalise. 2. Confirm the parenthesised text survives. | G9: '(2 channels)', 'supports (1080p)' and 'hevc(h26 5)' are unchanged. | H9: These must not be stripped as callouts. | I9: Manual only (regression candidate) | J9: pdfval/validators/chapter.py _INLINE_CALLOUT_RE
A10: QA-009 | B10: False positives - artwork | C10: A dimension label drawn on a diagram is not counted as missing text | D10: High | E10: Production prints '3 cm' twice as labels inside a clearance diagram (Pair A, p.18); Staging bakes the same labels into a flat image. | F10: 1. Run the comparison. 2. Search for a finding quoting “cm”. | G10: No 'Words missing in Staging: “cm” ×2' finding, and no red box on the 'For pole mount installation' heading. | H10: The heading must not be boxed or pinned for this. | I10: Manual only | J10: pdfval/validators/chapter.py _is_artwork_callout
A11: QA-010 | B11: False positives - artwork | C11: Body text and captions near a diagram are still counted | D11: High | E11: Pair A, Production p.18: the sentence '3 cm away from the metal portion of the ceiling mount:', the headings, and the page number. | F11: 1. In a Python shell, call _is_artwork_callout for every line on that page. | G11: Only the two standalone '3 cm' diagram labels return True. | H11: The body sentence, both headings and the page number must return False. | I11: Manual only (regression candidate) | J11: pdfval/validators/chapter.py _is_artwork_callout
A12: QA-011 | B12: False positives - artwork | C12: A scanned page is not treated as one big diagram | D12: High | E12: A pair where one side's page is a full-page scanned image with OCR text (tests/test_scanned_pages.py builds one). | F12: 1. Run pytest tests/test_scanned_pages.py. 2. Or run a comparison on a scanned-page pair and inspect the chapter differences. | G12: The scanned page's own heading and body are still compared; only the genuine wording change is reported. | H12: The page's whole text must not be dropped as 'artwork labels'. | I12: AUTOMATED: tests/test_scanned_pages.py::test_scanned_page_text_is_compared_via_ocr | J12: pdfval/validators/chapter.py _ARTWORK_LABEL_MAX_PAGE_SHARE
A13: QA-012 | B13: False positives - sections | C13: An unmatched bookmark is only a missing section when the words are genuinely absent | D13: High | E13: Pair A: Staging bookmarks '2. Connect the S Switch and the video cable.'; Production has no such bookmark but prints '2.Connect the S Switch and the video cable.' on p.17. | F13: 1. Run the comparison. 2. Search for 'Section only in Staging'. | G13: No 'Section only in Staging' finding for this heading (the TOC page still lists it as a structural difference). | H13: Must not report 'and everything under it is not printed anywhere in Production'. | I13: Manual only | J13: pdfval/validators/chapter.py _printed_anywhere_in
... A50: QA-049 | B50: Regression | C50: Two runs of the same pair give the same result | D50: High | E50: Reference pair A: Production XQ2566X-en.pdf (59 pp) vs Staging Monitor XQ2566X user manual (10).pdf (52 pp), saved at runs/ce5655a6b44f43889bc78dc3bbf7669f/uploads/expected.pdf and actual.pdf. | F50: 1. Run the comparison twice into different output directories. 2. Compare the issue counts and titles. | G50: Both runs report the same issues. | H50: KNOWN DEFECT: runs have differed (58 vs 46 total; 'List marker missing in Staging' findings appear and disappear). Treat a mismatch here as the known non-determinism, not as a new regression, until it is fixed. | I50: Manual only | J50: open defect - list marker check

Sheet Coverage
A1: Coverage summary
A2: Every figure below is a formula over the 'Test cases' tab - it updates as testers fill in the Result column.
A4: Area | B4: Cases | C4: Automated | D4: Manual | E4: Pass | F4: Fail | G4: Blocked | H4: Not run / blank
A5: Image highlighting | B5: =COUNTIF('Test cases'!$B$2:$B$50,$A5) | C5: =COUNTIFS('Test cases'!$B$2:$B$50,$A5,'Test cases'!$I$2:$I$50,"AUTOMATED*") | D5: =B5-C5 | E5: =COUNTIFS('Test cases'!$B$2:$B$50,$A5,'Test cases'!$K$2:$K$50,"Pass") | F5: =COUNTIFS('Test cases'!$B$2:$B$50,$A5,'Test cases'!$K$2:$K$50,"Fail") | G5: =COUNTIFS('Test cases'!$B$2:$B$50,$A5,'Test cases'!$K$2:$K$50,"Blocked") | H5: =B5-E5-F5-G5
A6: False positives - bullets | B6: =COUNTIF('Test cases'!$B$2:$B$50,$A6) | C6: =COUNTIFS('Test cases'!$B$2:$B$50,$A6,'Test cases'!$I$2:$I$50,"AUTOMATED*") | D6: =B6-C6 | E6: =COUNTIFS('Test cases'!$B$2:$B$50,$A6,'Test cases'!$K$2:$K$50,"Pass") | F6: =COUNTIFS('Test cases'!$B$2:$B$50,$A6,'Test cases'!$K$2:$K$50,"Fail") | G6: =COUNTIFS('Test cases'!$B$2:$B$50,$A6,'Test cases'!$K$2:$K$50,"Blocked") | H6: =B6-E6-F6-G6
A7: False positives - list markers | B7: =COUNTIF('Test cases'!$B$2:$B$50,$A7) | C7: =COUNTIFS('Test cases'!$B$2:$B$50,$A7,'Test cases'!$I$2:$I$50,"AUTOMATED*") | D7: =B7-C7 | E7: =COUNTIFS('Test cases'!$B$2:$B$50,$A7,'Test cases'!$K$2:$K$50,"Pass") | F7: =COUNTIFS('Test cases'!$B$2:$B$50,$A7,'Test cases'!$K$2:$K$50,"Fail") | G7: =COUNTIFS('Test cases'!$B$2:$B$50,$A7,'Test cases'!$K$2:$K$50,"Blocked") | H7: =B7-E7-F7-G7
A8: False positives - callouts | B8: =COUNTIF('Test cases'!$B$2:$B$50,$A8) | C8: =COUNTIFS('Test cases'!$B$2:$B$50,$A8,'Test cases'!$I$2:$I$50,"AUTOMATED*") | D8: =B8-C8 | E8: =COUNTIFS('Test cases'!$B$2:$B$50,$A8,'Test cases'!$K$2:$K$50,"Pass") | F8: =COUNTIFS('Test cases'!$B$2:$B$50,$A8,'Test cases'!$K$2:$K$50,"Fail") | G8: =COUNTIFS('Test cases'!$B$2:$B$50,$A8,'Test cases'!$K$2:$K$50,"Blocked") | H8: =B8-E8-F8-G8
A9: False positives - artwork | B9: =COUNTIF('Test cases'!$B$2:$B$50,$A9) | C9: =COUNTIFS('Test cases'!$B$2:$B$50,$A9,'Test cases'!$I$2:$I$50,"AUTOMATED*") | D9: =B9-C9 | E9: =COUNTIFS('Test cases'!$B$2:$B$50,$A9,'Test cases'!$K$2:$K$50,"Pass") | F9: =COUNTIFS('Test cases'!$B$2:$B$50,$A9,'Test cases'!$K$2:$K$50,"Fail") | G9: =COUNTIFS('Test cases'!$B$2:$B$50,$A9,'Test cases'!$K$2:$K$50,"Blocked") | H9: =B9-E9-F9-G9
A10: False positives - sections | B10: =COUNTIF('Test cases'!$B$2:$B$50,$A10) | C10: =COUNTIFS('Test cases'!$B$2:$B$50,$A10,'Test cases'!$I$2:$I$50,"AUTOMATED*") | D10: =B10-C10 | E10: =COUNTIFS('Test cases'!$B$2:$B$50,$A10,'Test cases'!$K$2:$K$50,"Pass") | F10: =COUNTIFS('Test cases'!$B$2:$B$50,$A10,'Test cases'!$K$2:$K$50,"Fail") | G10: =COUNTIFS('Test cases'!$B$2:$B$50,$A10,'Test cases'!$K$2:$K$50,"Blocked") | H10: =B10-E10-F10-G10
A11: False positives - word audit | B11: =COUNTIF('Test cases'!$B$2:$B$50,$A11) | C11: =COUNTIFS('Test cases'!$B$2:$B$50,$A11,'Test cases'!$I$2:$I$50,"AUTOMATED*") | D11: =B11-C11 | E11: =COUNTIFS('Test cases'!$B$2:$B$50,$A11,'Test cases'!$K$2:$K$50,"Pass") | F11: =COUNTIFS('Test cases'!$B$2:$B$50,$A11,'Test cases'!$K$2:$K$50,"Fail") | G11: =COUNTIFS('Test cases'!$B$2:$B$50,$A11,'Test cases'!$K$2:$K$50,"Blocked") | H11: =B11-E11-F11-G11
A12: Highlight placement | B12: =COUNTIF('Test cases'!$B$2:$B$50,$A12) | C12: =COUNTIFS('Test cases'!$B$2:$B$50,$A12,'Test cases'!$I$2:$I$50,"AUTOMATED*") | D12: =B12-C12 | E12: =COUNTIFS('Test cases'!$B$2:$B$50,$A12,'Test cases'!$K$2:$K$50,"Pass") | F12: =COUNTIFS('Test cases'!$B$2:$B$50,$A12,'Test cases'!$K$2:$K$50,"Fail") | G12: =COUNTIFS('Test cases'!$B$2:$B$50,$A12,'Test cases'!$K$2:$K$50,"Blocked") | H12: =B12-E12-F12-G12
A13: Severity | B13: =COUNTIF('Test cases'!$B$2:$B$50,$A13) | C13: =COUNTIFS('Test cases'!$B$2:$B$50,$A13,'Test cases'!$I$2:$I$50,"AUTOMATED*") | D13: =B13-C13 | E13: =COUNTIFS('Test cases'!$B$2:$B$50,$A13,'Test cases'!$K$2:$K$50,"Pass") | F13: =COUNTIFS('Test cases'!$B$2:$B$50,$A13,'Test cases'!$K$2:$K$50,"Fail") | G13: =COUNTIFS('Test cases'!$B$2:$B$50,$A13,'Test cases'!$K$2:$K$50,"Blocked") | H13: =B13-E13-F13-G13
A14: Encoding | B14: =COUNTIF('Test cases'!$B$2:$B$50,$A14) | C14: =COUNTIFS('Test cases'!$B$2:$B$50,$A14,'Test cases'!$I$2:$I$50,"AUTOMATED*") | D14: =B14-C14 | E14: =COUNTIFS('Test cases'!$B$2:$B$50,$A14,'Test cases'!$K$2:$K$50,"Pass") | F14: =COUNTIFS('Test cases'!$B$2:$B$50,$A14,'Test cases'!$K$2:$K$50,"Fail") | G14: =COUNTIFS('Test cases'!$B$2:$B$50,$A14,'Test cases'!$K$2:$K$50,"Blocked") | H14: =B14-E14-F14-G14
A15: Broken media | B15: =COUNTIF('Test cases'!$B$2:$B$50,$A15) | C15: =COUNTIFS('Test cases'!$B$2:$B$50,$A15,'Test cases'!$I$2:$I$50,"AUTOMATED*") | D15: =B15-C15 | E15: =COUNTIFS('Test cases'!$B$2:$B$50,$A15,'Test cases'!$K$2:$K$50,"Pass") | F15: =COUNTIFS('Test cases'!$B$2:$B$50,$A15,'Test cases'!$K$2:$K$50,"Fail") | G15: =COUNTIFS('Test cases'!$B$2:$B$50,$A15,'Test cases'!$K$2:$K$50,"Blocked") | H15: =B15-E15-F15-G15
A16: Scroll sync | B16: =COUNTIF('Test cases'!$B$2:$B$50,$A16) | C16: =COUNTIFS('Test cases'!$B$2:$B$50,$A16,'Test cases'!$I$2:$I$50,"AUTOMATED*") | D16: =B16-C16 | E16: =COUNTIFS('Test cases'!$B$2:$B$50,$A16,'Test cases'!$K$2:$K$50,"Pass") | F16: =COUNTIFS('Test cases'!$B$2:$B$50,$A16,'Test cases'!$K$2:$K$50,"Fail") | G16: =COUNTIFS('Test cases'!$B$2:$B$50,$A16,'Test cases'!$K$2:$K$50,"Blocked") | H16: =B16-E16-F16-G16
... A19: Regression | B19: =COUNTIF('Test cases'!$B$2:$B$50,$A19) | C19: =COUNTIFS('Test cases'!$B$2:$B$50,$A19,'Test cases'!$I$2:$I$50,"AUTOMATED*") | D19: =B19-C19 | E19: =COUNTIFS('Test cases'!$B$2:$B$50,$A19,'Test cases'!$K$2:$K$50,"Pass") | F19: =COUNTIFS('Test cases'!$B$2:$B$50,$A19,'Test cases'!$K$2:$K$50,"Fail") | G19: =COUNTIFS('Test cases'!$B$2:$B$50,$A19,'Test cases'!$K$2:$K$50,"Blocked") | H19: =B19-E19-F19-G19
A20: TOTAL | B20: =SUM(B5:B19) | C20: =SUM(C5:C19) | D20: =SUM(D5:D19) | E20: =SUM(E5:E19) | F20: =SUM(F5:F19) | G20: =SUM(G5:G19) | H20: =SUM(H5:H19)
A22: Priority split
A23: High | B23: =COUNTIF('Test cases'!$D$2:$D$50,$A23)
A24: Medium | B24: =COUNTIF('Test cases'!$D$2:$D$50,$A24)
A25: Low | B25: =COUNTIF('Test cases'!$D$2:$D$50,$A25)
